005930,삼성전자
000660,SK하이닉스
035420,NAVER
207940,삼성바이오로직스
051910,LG화학
035720,카카오
005380,현대차
006400,삼성SDI
000270,기아
105560,KB금융
005490,POSCO
323410,카카오뱅크
068270,셀트리온
012330,현대모비스
055550,신한지주
028260,삼성물산
066570,LG전자
096770,SK이노베이션
377300,카카오페이
034730,SK
051900,LG생활건강
086790,하나금융지주
015760,한국전력
011200,HMM
259960,크래프톤
032830,삼성생명
009150,삼성전기
003550,LG
017670,SK텔레콤
302440,SK바이오사이언스
090430,아모레퍼시픽
033780,KT&G
018260,삼성에스디에스
352820,하이브
036570,엔씨소프트
316140,우리금융지주
003490,대한항공
000810,삼성화재
010130,고려아연
034020,두산중공업
010950,S-Oil
003670,포스코케미칼
329180,현대중공업
361610,SK아이이테크놀로지
251270,넷마블
030200,KT
024110,기업은행
011170,롯데케미칼
011070,LG이노텍
402340,SK스퀘어
034220,LG디스플레이
086280,현대글로비스
009830,한화솔루션
326030,SK바이오팜
018880,한온시스템
009540,한국조선해양
032640,LG유플러스
097950,CJ제일제당
035250,강원랜드
006800,미래에셋증권
004020,현대제철
021240,코웨이
011790,SKC
138040,메리츠금융지주
010140,삼성중공업
011780,금호석유
000720,현대건설
028050,삼성엔지니어링
071050,한국금융지주
005830,DB손해보험
161390,한국타이어앤테크놀로지
020150,일진머티리얼즈
008560,메리츠증권
000100,유한양행
002790,아모레G
271560,오리온
267250,현대중공업지주
003410,쌍용C&E
078930,GS
016360,삼성증권
241560,두산밥캣
029780,삼성카드
180640,한진칼
139480,이마트
005940,NH투자증권
006360,GS건설
047810,한국항공우주
028670,팬오션
052690,한전기술
008930,한미사이언스
036460,한국가스공사
128940,한미약품
000990,DB하이텍
008770,호텔신라
004990,롯데지주
010620,현대미포조선
282330,BGF리테일
272210,한화시스템
000120,CJ대한통운
002380,KCC
007070,GS리테일
088350,한화생명
138930,BNK금융지주
026960,동서
012750,에스원
030000,제일기획
039490,키움증권
004170,신세계
001450,현대해상
014680,한솔케미칼
000080,하이트진로
047050,포스코인터내셔널
023530,롯데쇼핑
001040,CJ
336260,두산퓨얼셀
012450,한화에어로스페이스
047040,대우건설
042660,대우조선해양
375500,DL이앤씨
204320,만도
285130,SK케미칼
010060,OCI
006280,녹십자
000880,한화
112610,씨에스윈드
298050,효성첨단소재
064350,현대로템
004000,롯데정밀화학
298020,효성티앤씨
004370,농심
081660,휠라홀딩스
111770,영원무역
093370,후성
069620,대웅제약
069960,현대백화점
011210,현대위아
004800,효성
009240,한샘
120110,코오롱인더
003090,대웅
007310,오뚜기
014820,동원시스템즈
051600,한전KPS
000150,두산
010780,아이에스동서
006260,LS
020560,아시아나항공
005300,롯데칠성
017800,현대엘리베이
001230,동국제강
042670,현대두산인프라코어
079550,LIG넥스원
000210,DL
000240,한국앤컴퍼니
178920,PI첨단소재
001440,대한전선
019170,신풍제약
010120,LS ELECTRIC
032350,롯데관광개발
005850,에스엘
009900,명신산업
000670,영풍
013890,지누스
003240,태광산업
073240,금호타이어
185750,종근당
006650,대한유화
005250,녹십자홀딩스
001740,SK네트웍스
031430,신세계인터내셔날
001120,LX인터내셔널
079160,CJ CGV
294870,HDC현대산업개발
016380,KG동부제철
192820,코스맥스
161890,한국콜마
009420,한올바이오파마
241590,화승엔터프라이즈
192080,더블유게임즈
105630,한세실업
114090,GKL
001800,오리온홀딩스
020000,한섬
004490,세방전지
069260,휴켐스
103140,풍산
003520,영진약품
003850,보령제약
284740,쿠쿠홈시스
005440,현대그린푸드
006040,동원산업
001680,대상
003000,부광약품
006120,SK디스커버리
000070,삼양홀딩스
057050,현대홈쇼핑
049770,동원F&B
002350,넥센타이어
064960,SNT모티브
192400,쿠쿠홀딩스
